{"cameraMode":{"drawMode":0,"name":"Shaded","section":"Shading Mode"},"sceneLighting":true,"audioPlay":false,"sceneViewState":{"m_AlwaysRefresh":false,"showFog":true,"showSkybox":true,"showFlares":true,"showImageEffects":true,"showParticleSystems":true,"showVisualEffectGraphs":true,"m_FxEnabled":true},"in2DMode":false,"pivot":{"x":9.253829002380371,"y":5.5032525062561039,"z":-3.1100382804870607},"rotation":{"x":0.10569413006305695,"y":-0.6868650317192078,"z":0.10187292098999024,"w":0.7119678258895874},"size":1.2917577028274537,"orthographic":false}